"year","month","fleet","sex","partition","ageErr","agelow","agehigh","Nsamp","F0","F1","F2","F3","F4","F5","F6","F7","F8","F9","F10","F11","F12","F13","F14","F15","F16","F17","F18","F19","F20","M0","M1","M2","M3","M4","M5","M6","M7","M8","M9","M10","M11","M12","M13","M14","M15","M16","M17","M18","M19","M20"
1992,7,6,3,0,1,-1,-1,14,0,6.25,12.5,31.25,3.125,0,12.5,0,0,0,0,0,0,0,0,0,0,0,0,0,0,0,6.25,18.75,3.125,3.125,0,3.125,0,0,0,0,0,0,0,0,0,0,0,0,0,0
1995,7,6,3,0,1,-1,-1,190,0,9.85915492957746,9.85915492957746,19.7183098591549,15.4929577464789,5.63380281690141,4.22535211267606,1.40845070422535,0,0,0,0,0,0,0,0,0,0,0,0,0,0,5.63380281690141,7.04225352112676,7.04225352112676,5.63380281690141,4.22535211267606,2.8169014084507,1.40845070422535,0,0,0,0,0,0,0,0,0,0,0,0,0
1998,7,6,3,0,1,-1,-1,249,0.892857142857143,15.1785714285714,8.92857142857143,9.82142857142857,12.5,8.03571428571429,3.57142857142857,8.92857142857143,0,0,0,0,0,0,0,0,0,0,0,0,0,0,9.82142857142857,6.25,7.14285714285714,4.46428571428571,1.78571428571429,0.892857142857143,0.892857142857143,0.892857142857143,0,0,0,0,0,0,0,0,0,0,0,0
2001,7,6,3,0,1,-1,-1,235,0,9.45454545454546,18.5454545454545,12.3636363636364,3.27272727272727,2.54545454545455,4,5.81818181818182,5.09090909090909,3.63636363636364,2.54545454545455,0.727272727272727,0.363636363636364,0.363636363636364,0,0.363636363636364,0,0,0,0,0,0,6.54545454545455,14.1818181818182,6.90909090909091,1.45454545454545,0.363636363636364,0.363636363636364,0.363636363636364,0.363636363636364,0.363636363636364,0,0,0,0,0,0,0,0,0,0,0
2004,7,6,3,0,1,-1,-1,252,0,0.515463917525773,5.92783505154639,12.8865979381443,14.9484536082474,15.979381443299,5.15463917525773,2.31958762886598,2.83505154639175,2.31958762886598,1.80412371134021,1.54639175257732,1.28865979381443,0,0,0,0,0,0,0,0,0,0.515463917525773,1.80412371134021,9.79381443298969,11.340206185567,4.89690721649485,2.31958762886598,0.77319587628866,0.257731958762887,0.77319587628866,0,0,0,0,0,0,0,0,0,0,0
